Week,Dates,Content Type,Title,Platform,Post Date,Themes,Hashtags,Description
1,"May 6-12, 2025",Blog Post,"The Evolution of Tattoo Styles: From Traditional to Contemporary","Website Blog",2025-05-08,"tattoo history, tattoo styles, art evolution","#TattooHistory, #TattooStyles, #TattooEvolution","A comprehensive overview of how tattoo styles have evolved over centuries, from traditional tribal markings to modern minimalist designs. Include a visual timeline and artist perspectives."
1,"May 6-12, 2025",Social Media,"Style Spotlight: American Traditional","Instagram",2025-05-06,"american traditional, tattoo styles","#AmericanTraditional, #OldSchoolTattoo, #TattooTuesday","Showcase 5-7 exemplary American Traditional tattoos with brief history and key characteristics of this iconic style."
1,"May 6-12, 2025",Social Media,"Artist Q&A: Getting Started in Tattooing","TikTok",2025-05-07,"tattoo career, artist advice","#TattooArtist, #CareerAdvice, #TattooApprentice","Short interview clips with established artists sharing advice for newcomers to the industry."
1,"May 6-12, 2025",Social Media,"Pain Scale: Where Do Tattoos Hurt Most?","Facebook",2025-05-09,"tattoo pain, body locations, client education","#TattooPain, #TattooPlacement, #KnowBeforeYouGo","Shareable body map showing relative pain levels for different tattoo locations with brief explanations."
1,"May 6-12, 2025",Social Media,"Tattoo Aftercare Myths Debunked","Twitter",2025-05-11,"tattoo aftercare, myths, education","#TattooAftercare, #TattooMyths, #SkinCare","Thread debunking common aftercare myths with evidence-based recommendations."
2,"May 13-19, 2025",Blog Post,"The Psychology Behind Tattoos: Why We Ink Our Stories","Website Blog",2025-05-15,"tattoo psychology, personal meaning, self-expression","#TattooPsychology, #InkStories, #SelfExpression","Explore the psychological aspects of getting tattoos, including identity expression, commemoration, and the therapeutic benefits of body art."
2,"May 13-19, 2025",Social Media,"Tattoo Meaning Monday: Share Your Story","Instagram",2025-05-13,"personal stories, community engagement","#TattooMeaningMonday, #MyInkStory, #TattooMeaning","Invite followers to share the stories behind their meaningful tattoos, repost selections with permission."
2,"May 13-19, 2025",Social Media,"Tattoo Style Quiz: What's Your Ink Personality?","Instagram Stories",2025-05-14,"tattoo styles, personality, engagement","#TattooQuiz, #InkPersonality, #FindYourStyle","Fun interactive quiz helping followers determine which tattoo style matches their personality."
2,"May 13-19, 2025",Social Media,"Spotlight: Innovative Blackwork Artists","Pinterest",2025-05-16,"blackwork, tattoo artists, contemporary styles","#BlackworkTattoo, #TattooArtists, #ContemporaryTattoo","Curated board featuring standout blackwork tattoo artists and their distinctive approaches to the style."
2,"May 13-19, 2025",Social Media,"Flash Day Etiquette: Do's and Don'ts","TikTok",2025-05-18,"flash day, tattoo etiquette, client education","#FlashDay, #TattooEtiquette, #TattooTips","Quick, informative video explaining proper etiquette when attending a tattoo flash day event."
3,"May 20-26, 2025",Blog Post,"Tattoo Regulations Around the World: A Global Perspective","Website Blog",2025-05-22,"tattoo regulations, global tattoo culture, health standards","#TattooLaws, #GlobalTattoo, #TattooSafety","Comprehensive overview of how different countries regulate tattooing, focusing on health standards, age restrictions, and cultural attitudes."
3,"May 20-26, 2025",Social Media,"Tattoo Laws: Did You Know?","Instagram",2025-05-20,"tattoo regulations, legal facts, education","#TattooLaws, #TattooFacts, #KnowYourRights","Series of surprising facts about tattoo regulations in different countries and states."
3,"May 20-26, 2025",Social Media,"Tattoo Safety Checklist","Facebook",2025-05-21,"tattoo safety, studio hygiene, client education","#TattooSafety, #CleanTattoo, #KnowBeforeYouGo","Shareable checklist of safety measures clients should look for when choosing a tattoo studio."
3,"May 20-26, 2025",Social Media,"Ink Innovation: New Tattoo Technologies","LinkedIn",2025-05-23,"tattoo technology, industry innovation, professional development","#TattooTech, #InkInnovation, #TattooIndustry","Summary of recent technological innovations in tattooing, including new machines, inks, and techniques."
3,"May 20-26, 2025",Social Media,"Weekend Tattoo Inspiration","Instagram",2025-05-25,"tattoo inspiration, weekend vibes, visual showcase","#WeekendInk, #TattooInspiration, #InkedLife","Curated collection of stunning tattoos to inspire weekend tattoo appointments."
4,"May 27 - June 2, 2025",Blog Post,"Cultural Appropriation in Tattooing: Respecting Sacred Symbols","Website Blog",2025-05-29,"cultural appropriation, tattoo ethics, sacred symbols","#TattooEthics, #CulturalRespect, #ResponsibleTattooing","Thoughtful exploration of cultural appropriation issues in tattooing, with guidelines for both artists and clients on approaching culturally significant designs respectfully."
4,"May 27 - June 2, 2025",Social Media,"Cultural Symbols: Origins and Meanings","Instagram",2025-05-27,"cultural symbols, tattoo history, education","#TattooSymbols, #CulturalTattoos, #SymbolMeanings","Series explaining the origins and traditional meanings of commonly tattooed cultural symbols."
4,"May 27 - June 2, 2025",Social Media,"Artist Spotlight: Indigenous Tattoo Revivalists","YouTube",2025-05-28,"indigenous tattoo, cultural revival, traditional techniques","#IndigenousTattoo, #TattooRevival, #TraditionalTattoo","Interview with artists working to revive traditional indigenous tattooing practices and their cultural significance."
4,"May 27 - June 2, 2025",Social Media,"Respectful Tattooing Poll","Twitter",2025-05-30,"tattoo ethics, community discussion, education","#TattooEthics, #TattooDiscussion, #ResponsibleInk","Poll asking followers about their experiences with cultural symbols in tattooing, sparking thoughtful discussion."
4,"May 27 - June 2, 2025",Social Media,"Memorial Day Tattoo Tributes","Facebook",2025-05-31,"memorial tattoos, tribute art, patriotic designs","#MemorialTattoo, #TributeInk, #RememberingHeroes","Collection of memorial and patriotic tattoos shared by community members, with their stories of remembrance."
5,"June 3-9, 2025",Blog Post,"Pride Month Special: LGBTQ+ Representation in Tattoo Art","Website Blog",2025-06-05,"pride month, LGBTQ+ tattoos, inclusive art","#PrideTattoos, #LGBTQInk, #InclusiveTattoo","Celebration of LGBTQ+ themes in tattoo art, featuring queer artists, pride-themed designs, and the importance of inclusive tattoo spaces."
5,"June 3-9, 2025",Social Media,"Pride Flag Meanings in Tattoo Art","Instagram",2025-06-03,"pride flags, LGBTQ+ education, pride month","#PrideFlagTattoos, #PrideMonth, #LGBTQInk","Carousel explaining various pride flags and how they're incorporated into tattoo designs."
5,"June 3-9, 2025",Social Media,"Spotlight: LGBTQ+ Tattoo Artists","Instagram",2025-06-04,"LGBTQ+ artists, artist spotlight, pride month","#QueerTattooArtists, #PrideMonth, #RepresentationMatters","Daily features highlighting talented LGBTQ+ tattoo artists throughout Pride Month."
5,"June 3-9, 2025",Social Media,"Creating Safe Spaces in Tattoo Studios","Twitter",2025-06-06,"inclusive studios, safe spaces, client comfort","#InclusiveTattoo, #SafeSpaces, #TattooForAll","Thread discussing how tattoo studios can create welcoming environments for all clients, especially marginalized communities."
5,"June 3-9, 2025",Social Media,"Pride Tattoo Ideas","Pinterest",2025-06-08,"pride tattoos, LGBTQ+ symbols, colorful designs","#PrideTattoos, #QueerInk, #PrideInspiration","Curated board of pride-themed tattoo ideas, from subtle symbols to bold, colorful celebrations."
6,"June 10-16, 2025",Blog Post,"The Science of Tattoo Removal: Options, Effectiveness, and Expectations","Website Blog",2025-06-12,"tattoo removal, laser technology, skin science","#TattooRemoval, #LaserRemoval, #TattooRegret","Comprehensive guide to modern tattoo removal methods, explaining the science behind different techniques, factors affecting success, and realistic expectations for results."
6,"June 10-16, 2025",Social Media,"Tattoo Removal Myths Debunked","Instagram Stories",2025-06-10,"tattoo removal, myth busting, education","#TattooRemovalMyths, #TattooFacts, #RemovalReality","Series debunking common myths about tattoo removal with factual information and expert insights."
6,"June 10-16, 2025",Social Media,"Before & After: Tattoo Cover-ups","Instagram",2025-06-11,"cover-up tattoos, transformations, tattoo solutions","#TattooCoverup, #BeforeAndAfter, #TattooTransformation","Showcase of impressive tattoo cover-ups, demonstrating alternatives to complete removal."
6,"June 10-16, 2025",Social Media,"Laser Removal: What to Expect","YouTube",2025-06-13,"laser removal, procedure explanation, client education","#LaserRemoval, #TattooRemoval, #RemovalProcess","Detailed video explaining the laser removal process, including preparation, the procedure itself, and aftercare."
6,"June 10-16, 2025",Social Media,"Father's Day Tattoo Ideas","Facebook",2025-06-15,"father's day, family tattoos, tribute designs","#FathersDayTattoos, #DadTattoos, #FamilyInk","Gallery of father-themed tattoo ideas ahead of Father's Day, including dad tributes, father-child designs, and symbolic pieces."
7,"June 17-23, 2025",Blog Post,"Summer Tattoo Care: Protecting Your Ink from Sun and Water","Website Blog",2025-06-19,"summer tattoo care, sun protection, swimming with tattoos","#SummerTattooCare, #ProtectYourInk, #TattooSPF","Comprehensive guide to caring for tattoos during summer activities, including sun protection strategies, swimming guidelines, and product recommendations."
7,"June 17-23, 2025",Social Media,"Summer Tattoo Care Essentials","Instagram",2025-06-17,"tattoo products, summer care, sun protection","#TattooCare, #SummerInk, #ProtectYourTattoos","Roundup of essential products for protecting tattoos during summer, including high-SPF sunscreens and after-sun care."
7,"June 17-23, 2025",Social Media,"Beach Day Tattoo Protection Tips","TikTok",2025-06-18,"beach tattoo care, sun protection, summer activities","#BeachTattoos, #TattooProtection, #SummerInkCare","Fast-paced video with practical tips for protecting tattoos during beach days."
7,"June 17-23, 2025",Social Media,"Summer Tattoo Healing Timeline","Pinterest",2025-06-20,"tattoo healing, summer care, aftercare timeline","#TattooHealing, #SummerTattoo, #AftercareTips","Visual guide to the tattoo healing process during summer months, with special considerations for heat and humidity."
7,"June 17-23, 2025",Social Media,"First Day of Summer: Seasonal Tattoo Designs","Instagram",2025-06-21,"summer tattoos, seasonal designs, summer solstice","#SummerTattoos, #SolsticeTattoo, #SeasonalInk","Gallery celebrating summer-themed tattoos on the first day of summer, featuring sun, beach, tropical, and outdoor designs."
8,"June 24-30, 2025",Blog Post,"Body Modification Beyond Tattoos: A Guide to Contemporary Practices","Website Blog",2025-06-26,"body modification, piercings, scarification, implants","#BodyModification, #BeyondTattoos, #ModCulture","Comprehensive overview of contemporary body modification practices beyond tattooing, including piercings, scarification, implants, and more extreme modifications."
8,"June 24-30, 2025",Social Media,"Body Mod History: Ancient to Modern","Instagram",2025-06-24,"body modification history, cultural practices, evolution","#BodyModHistory, #AncientModification, #ModEvolution","Visual timeline showing the evolution of body modification practices from ancient civilizations to contemporary trends."
8,"June 24-30, 2025",Social Media,"Piercing Placement Guide","Pinterest",2025-06-25,"piercings, anatomy, placement guide","#PiercingGuide, #PiercingPlacement, #BodyJewelry","Detailed anatomical guide to different piercing placements, with information on pain levels, healing times, and jewelry options."
8,"June 24-30, 2025",Social Media,"Ask a Mod Artist: Scarification Q&A","YouTube",2025-06-27,"scarification, expert advice, body modification","#Scarification, #ModArtist, #BodyModQA","Interview with a scarification artist answering common questions about the process, healing, and results."
8,"June 24-30, 2025",Social Media,"Pride Month Finale: Modification as Self-Expression","Facebook",2025-06-30,"pride month, self-expression, identity, body modification","#PrideMonth, #ModifiedAndProud, #SelfExpression","Collection of stories from community members about how body modifications have helped them express their identities, concluding Pride Month content."
9,"July 1-7, 2025",Blog Post,"Independence Day Special: Patriotic Tattoo Traditions and Symbolism","Website Blog",2025-07-03,"patriotic tattoos, American tattoo history, Independence Day","#PatrioticTattoos, #July4thInk, #AmericanTattooHistory","Exploration of American patriotic tattoo traditions, from military tattoos to contemporary interpretations of national symbols, with historical context and modern examples."
9,"July 1-7, 2025",Social Media,"American Traditional: Patriotic Flash","Instagram",2025-07-01,"American traditional, patriotic flash, tattoo history","#AmericanTraditional, #PatrioticFlash, #TattooHistory","Gallery of vintage and contemporary patriotic American Traditional flash sheets, showing the evolution of this iconic style."
9,"July 1-7, 2025",Social Media,"Military Tattoo Traditions","Facebook",2025-07-02,"military tattoos, service branches, tattoo traditions","#MilitaryTattoos, #ServiceInk, #TattooTraditions","Series exploring the tattoo traditions of different military branches, their meanings, and historical significance."
9,"July 1-7, 2025",Social Media,"Independence Day Tattoo Flash Sale","Instagram Stories",2025-07-04,"flash sale, holiday promotion, patriotic designs","#July4thFlash, #TattooSale, #IndependenceDay","Announcement of limited-time flash designs available for Independence Day, with booking information."
9,"July 1-7, 2025",Social Media,"Show Us Your Patriotic Ink!","Twitter",2025-07-05,"patriotic tattoos, community showcase, holiday theme","#PatrioticInk, #July4thTattoos, #ShowYourInk","Call for followers to share their patriotic-themed tattoos, with selected submissions to be featured."
10,"July 8-14, 2025",Blog Post,"Tattoos in the Workplace: Changing Perceptions and Professional Environments","Website Blog",2025-07-10,"workplace tattoos, professional environments, changing perceptions","#TattoosAtWork, #ProfessionalInk, #WorkplacePerceptions","Analysis of evolving attitudes toward visible tattoos in professional settings, including industry-specific acceptance, generational differences, and tips for navigating workplace policies."
10,"July 8-14, 2025",Social Media,"Workplace Tattoo Policies: Then vs. Now","LinkedIn",2025-07-08,"workplace policies, changing attitudes, professional environments","#WorkplaceTattoos, #ChangingPolicies, #ProfessionalImage","Visual comparison of typical workplace tattoo policies over time, showing the evolution toward greater acceptance."
10,"July 8-14, 2025",Social Media,"Professional with Tattoos: Career Stories","Instagram",2025-07-09,"professional success, career stories, visible tattoos","#TattooedProfessionals, #CareerSuccess, #VisibleInk","Series featuring successful professionals from various industries discussing their experiences with visible tattoos in the workplace."
10,"July 8-14, 2025",Social Media,"Covering Tattoos for Work: Product Reviews","YouTube",2025-07-11,"tattoo coverage, makeup products, workplace solutions","#TattooCoverage, #WorkplaceHacks, #MakeupReview","Review of various products designed for temporarily covering tattoos in professional settings, with application demonstrations."
10,"July 8-14, 2025",Social Media,"Workplace Tattoo Poll","Twitter",2025-07-13,"workplace attitudes, public opinion, tattoo acceptance","#TattooAtWork, #WorkplaceAttitudes, #TattooAcceptance","Poll asking followers about their experiences with tattoos in professional environments, with follow-up discussion."
11,"July 15-21, 2025",Blog Post,"Tattoo Conventions Guide: Making the Most of Industry Events","Website Blog",2025-07-17,"tattoo conventions, industry events, artist networking","#TattooConventions, #IndustryEvents, #TattooExpo","Comprehensive guide to attending tattoo conventions, including how to prepare, what to expect, etiquette tips, and maximizing the experience as both an artist and a collector."
11,"July 15-21, 2025",Social Media,"Convention Survival Kit","Instagram",2025-07-15,"convention preparation, essentials, practical advice","#ConventionEssentials, #TattooExpo, #PrepareRight","Visual guide to essential items to bring to a tattoo convention, for both artists and attendees."
11,"July 15-21, 2025",Social Media,"Convention Etiquette: Do's and Don'ts","TikTok",2025-07-16,"convention etiquette, tattoo events, social norms","#ConventionEtiquette, #TattooExpo, #TattooTips","Fast-paced video outlining proper etiquette when attending tattoo conventions, from artist interactions to photography rules."
11,"July 15-21, 2025",Social Media,"Upcoming Convention Calendar","Facebook",2025-07-18,"upcoming events, convention calendar, industry networking","#TattooConventions, #UpcomingEvents, #TattooCalendar","Comprehensive list of upcoming tattoo conventions worldwide, with dates, locations, and notable participating artists."
11,"July 15-21, 2025",Social Media,"Convention Portfolio Preparation","Twitter",2025-07-20,"portfolio preparation, artist advice, professional development","#PortfolioPrep, #ArtistAdvice, #ConventionReady","Thread offering advice to artists on preparing their portfolios and booth presentations for maximum impact at conventions."
12,"July 22-28, 2025",Blog Post,"The Future of Tattooing: Emerging Technologies and Trends","Website Blog",2025-07-24,"tattoo technology, future trends, industry innovation","#FutureOfTattooing, #TattooTech, #IndustryTrends","Forward-looking exploration of emerging technologies and trends in tattooing, including new machines, ink innovations, digital design tools, and predictions for the industry's evolution."
12,"July 22-28, 2025",Social Media,"Tech Spotlight: Digital Design Tools","Instagram",2025-07-22,"digital design, tattoo technology, artist tools","#DigitalTattooDesign, #TattooTech, #ArtistTools","Review of cutting-edge digital design tools and software specifically for tattoo artists, with examples of their capabilities."
12,"July 22-28, 2025",Social Media,"Innovative Ink Technologies","YouTube",2025-07-23,"tattoo ink, innovation, material science","#TattooInk, #InkTech, #InnovativeTattoo","Detailed video exploring new developments in tattoo inks, including safer formulations, UV reactive inks, and specialized properties."
12,"July 22-28, 2025",Social Media,"Future Tattoo Trends Prediction","LinkedIn",2025-07-25,"industry trends, future predictions, style evolution","#TattooTrends, #FuturePredictions, #IndustryInsights","Collection of predictions from industry experts about upcoming trends in tattoo styles, techniques, and business practices."
12,"July 22-28, 2025",Social Media,"Augmented Reality Tattoos: Try Before You Ink","Instagram Stories",2025-07-27,"augmented reality, virtual tattoos, technology preview","#ARTattoos, #VirtualInk, #TryBeforeYouInk","Demonstration of augmented reality tools that allow clients to preview tattoos on their bodies before committing to permanent ink."
